id,first_name,last_name,email
1,Dewey,McErlaine,dmcerlaine0@fotki.com
2,Bing,Blitz,bblitz1@marriott.com
3,Regan,Le - Count,rlecount2@canalblog.com
4,Korey,Kures,kkures3@sciencedaily.com
5,Andrew,Brigginshaw,abrigginshaw4@wordpress.com
6,Del,Gait,dgait5@google.com.au
7,Jaine,Berresford,jberresford6@istockphoto.com
8,Jaquelyn,Vannar,jvannar7@gnu.org
9,Borg,Olijve,bolijve8@blogspot.com
10,Shelley,Di Bartolomeo,sdibartolomeo9@delicious.com
11,Elton,Ortsmann,eortsmanna@bing.com
12,Bianca,Sirett,bsirettb@myspace.com
13,Ripley,Hartropp,rhartroppc@rakuten.co.jp
14,Irene,Sponton,ispontond@npr.org
15,Lillian,Shambroke,lshambrokee@rakuten.co.jp
16,Lula,Bampforth,lbampforthf@upenn.edu
17,Woodrow,Spare,wspareg@example.com
18,Sybil,Reboul,sreboulh@msu.edu
19,Riobard,Denis,rdenisi@csmonitor.com
20,Becka,Everard,beverardj@creativecommons.org
21,Gaile,Wistance,gwistancek@ezinearticles.com
22,Olag,Addinall,oaddinalll@rediff.com
23,Ellwood,Venneur,evenneurm@statcounter.com
24,Paquito,Ducaen,pducaenn@telegraph.co.uk
25,Georgianne,Aaron,gaarono@foxnews.com
26,Bone,Seymour,bseymourp@qq.com
27,Minetta,Blazevic,mblazevicq@miibeian.gov.cn
28,Leontine,Tricker,ltrickerr@mozilla.com
29,North,Battisson,nbattissons@instagram.com
30,Salomo,Botterell,sbotterellt@google.es
31,Ferd,O'Keeffe,fokeeffeu@wp.com
32,Enrika,Gentry,egentryv@usa.gov
33,Tierney,Mingaye,tmingayew@tripod.com
34,Lilia,Barbosa,lbarbosax@hao123.com
35,Hewet,Winter,hwintery@oakley.com
36,Rockie,Curcher,rcurcherz@mapquest.com
37,Sutton,Episcopi,sepiscopi10@storify.com
38,Jill,Ogborn,jogborn11@purevolume.com
39,Heath,Flewett,hflewett12@imdb.com
40,Kris,Moxley,kmoxley13@issuu.com
41,Raymund,Radke,rradke14@ucoz.ru
42,Debee,Gouldeby,dgouldeby15@clickbank.net
43,Fielding,Lamburne,flamburne16@yellowbook.com
44,Lion,Conlon,lconlon17@ed.gov
45,Adel,Ruddell,aruddell18@ted.com
46,Belinda,Wigfall,bwigfall19@sitemeter.com
47,Abramo,Andrez,aandrez1a@japanpost.jp
48,Chaim,Thamelt,cthamelt1b@harvard.edu
49,Etti,Crosskill,ecrosskill1c@gmpg.org
50,Nevsa,Sperrett,nsperrett1d@51.la
51,Nola,Dufoure,ndufoure1e@dion.ne.jp
52,Porty,Mawson,pmawson1f@cnn.com
53,Bobbe,Charter,bcharter1g@psu.edu
54,Tabor,Luparti,tluparti1h@cdbaby.com
55,Cordi,Pegden,cpegden1i@cisco.com
56,Barb,Kells,bkells1j@drupal.org
57,Nertie,Harback,nharback1k@nba.com
58,Faunie,Gamlin,fgamlin1l@cam.ac.uk
59,Fania,Toulamain,ftoulamain1m@prlog.org
60,Desdemona,Ambler,dambler1n@simplemachines.org
61,Brittany,Rist,brist1o@time.com
62,Eydie,Smittoune,esmittoune1p@printfriendly.com
63,Agnese,Lesslie,alesslie1q@virginia.edu
64,Trey,Sultana,tsultana1r@zdnet.com
65,Ariel,Allchin,aallchin1s@ucla.edu
66,Hillier,Spowart,hspowart1t@theatlantic.com
67,Salaidh,Whilder,swhilder1u@quantcast.com
68,Ermina,Ewenson,eewenson1v@spotify.com
69,Coral,Larenson,clarenson1w@bandcamp.com
70,Moselle,Benz,mbenz1x@psu.edu
71,Calv,Fassum,cfassum1y@typepad.com
72,Manda,McRuvie,mmcruvie1z@census.gov
73,Merridie,Winteringham,mwinteringham20@cdbaby.com
74,Saundra,Bayle,sbayle21@topsy.com
75,Candra,Hoys,choys22@miitbeian.gov.cn
76,Tabb,Stallibrass,tstallibrass23@google.co.uk
77,Clem,Severn,csevern24@joomla.org
78,Kristan,Simpkin,ksimpkin25@tinyurl.com
79,Bryna,Mugg,bmugg26@chicagotribune.com
80,Horacio,Dadley,hdadley27@bbb.org
81,Susanetta,Elsbury,selsbury28@sfgate.com
82,Reidar,Hathaway,rhathaway29@ifeng.com
83,Kristina,Truelove,ktruelove2a@mit.edu
84,Paddy,Sidaway,psidaway2b@blogtalkradio.com
85,Mose,Leuchars,mleuchars2c@mlb.com
86,Devon,Mongin,dmongin2d@shareasale.com
87,Kaile,Karmel,kkarmel2e@fotki.com
88,Ced,Waghorne,cwaghorne2f@bluehost.com
89,Jessica,Spelwood,jspelwood2g@zimbio.com
90,Jilli,Gerrans,jgerrans2h@gmpg.org
91,Juan,Marler,jmarler2i@salon.com
92,Avie,Cardenas,acardenas2j@stanford.edu
93,Temple,Statersfield,tstatersfield2k@hostgator.com
94,Clare,Goby,cgoby2l@kickstarter.com
95,Tait,Browning,tbrowning2m@imgur.com
96,Paulie,Abella,pabella2n@dedecms.com
97,Patrica,Walework,pwalework2o@unesco.org
98,Penny,Kenington,pkenington2p@shinystat.com
99,Austina,Callington,acallington2q@slashdot.org
100,Charisse,Josham,cjosham2r@networkadvertising.org
101,Eddy,Dinesen,edinesen2s@hibu.com
102,Amberly,Bathurst,abathurst2t@webeden.co.uk
103,Ottilie,Efford,oefford2u@histats.com
104,Darnell,Kyngdon,dkyngdon2v@123-reg.co.uk
105,Laurie,Conyard,lconyard2w@illinois.edu
106,Tiebout,Matokhnin,tmatokhnin2x@typepad.com
107,Emlen,Dowtry,edowtry2y@huffingtonpost.com
108,Dru,Loosemore,dloosemore2z@vk.com
109,Royce,Probet,rprobet30@1und1.de
110,Clarice,Rielly,crielly31@cloudflare.com
111,Jaquelyn,Fallowes,jfallowes32@fda.gov
112,Emylee,Kyberd,ekyberd33@parallels.com
113,Geoffry,Winman,gwinman34@npr.org
114,Kaine,Hansberry,khansberry35@adobe.com
115,Saxon,Bossel,sbossel36@time.com
116,Laetitia,Moscone,lmoscone37@mapquest.com
117,Westley,Kenderdine,wkenderdine38@usatoday.com
118,Celestine,Hebburn,chebburn39@blogger.com
119,Willie,Algore,walgore3a@cloudflare.com
120,Chrysler,Mahomet,cmahomet3b@ucsd.edu
121,Juliana,Curson,jcurson3c@pagesperso-orange.fr
122,Emlynne,Ethersey,eethersey3d@sitemeter.com
123,Hildegaard,Durber,hdurber3e@npr.org
124,Adolph,Makiver,amakiver3f@pen.io
125,Correna,Creffield,ccreffield3g@nih.gov
126,Gilberto,Langforth,glangforth3h@wufoo.com
127,Holli,Vickors,hvickors3i@wordpress.com
128,Land,Spencook,lspencook3j@gov.uk
129,Lida,Gasparro,lgasparro3k@bloglovin.com
130,Wylie,Pickavance,wpickavance3l@sitemeter.com
131,Alica,Digges,adigges3m@sciencedirect.com
132,Glory,Noller,gnoller3n@domainmarket.com
133,Analise,Tregenza,atregenza3o@51.la
134,Flor,Laborde,flaborde3p@google.it
135,Ruthann,Otteridge,rotteridge3q@wordpress.org
136,Rowney,Grunwall,rgrunwall3r@utexas.edu
137,Louisa,Woodward,lwoodward3s@wufoo.com
138,Saleem,Salterne,ssalterne3t@unc.edu
139,Anestassia,Keysel,akeysel3u@weibo.com
140,Kareem,Scroggins,kscroggins3v@ning.com
141,Gwenore,Toe,gtoe3w@miitbeian.gov.cn
142,Lauryn,Chugg,lchugg3x@arizona.edu
143,Stanton,Aneley,saneley3y@theatlantic.com
144,Katheryn,Pedel,kpedel3z@mit.edu
145,Celia,Holbie,cholbie40@wix.com
146,Renato,O'Crevy,rocrevy41@delicious.com
147,Garwood,Titmuss,gtitmuss42@macromedia.com
148,Gerty,Cummins,gcummins43@bloglines.com
149,Lissi,Thwaites,lthwaites44@aboutads.info
150,Robin,Penning,rpenning45@acquirethisname.com
151,Camala,Leckey,cleckey46@time.com
152,Rani,Sapwell,rsapwell47@bloglovin.com
153,Ertha,Moggle,emoggle48@tinyurl.com
154,Byrle,Walklott,bwalklott49@ask.com
155,Ted,Haruard,tharuard4a@msn.com
156,Gustie,Reveland,greveland4b@g.co
157,Lelah,Swaysland,lswaysland4c@gravatar.com
158,Wandie,Gagg,wgagg4d@nps.gov
159,Emerson,Hellis,ehellis4e@sun.com
160,Sylvan,Matchett,smatchett4f@google.ru
161,Marsiella,Truckell,mtruckell4g@google.pl
162,Alastair,Book,abook4h@chron.com
163,Wendel,Dunks,wdunks4i@is.gd
164,Kaitlynn,Gravestone,kgravestone4j@networkadvertising.org
165,Madalyn,Bortolazzi,mbortolazzi4k@sogou.com
166,Daisie,Benger,dbenger4l@state.gov
167,Elnore,Lile,elile4m@twitter.com
168,Cesya,Brommage,cbrommage4n@nifty.com
169,Lemar,Ferns,lferns4o@hao123.com
170,Sherrie,Archdeacon,sarchdeacon4p@cnn.com
171,Burlie,DelaField,bdelafield4q@nydailynews.com
172,Benedicto,Velareal,bvelareal4r@hubpages.com
173,Udale,De Fraine,udefraine4s@indiegogo.com
174,Candace,Swynfen,cswynfen4t@nhs.uk
175,Charissa,Hans,chans4u@qq.com
176,Chiarra,Iwanowicz,ciwanowicz4v@lulu.com
177,Iosep,Allery,iallery4w@sina.com.cn
178,Delphinia,Blasli,dblasli4x@uiuc.edu
179,Michal,Blinder,mblinder4y@mail.ru
180,Ives,Tennet,itennet4z@sphinn.com
181,Parke,Brobeck,pbrobeck50@guardian.co.uk
182,Elsbeth,Moir,emoir51@jugem.jp
183,Rubie,McPhail,rmcphail52@cnbc.com
184,Siegfried,Bewfield,sbewfield53@marriott.com
185,Lanie,Playfair,lplayfair54@latimes.com
186,Carlos,Sire,csire55@theglobeandmail.com
187,Yurik,Cruikshank,ycruikshank56@phoca.cz
188,Craggy,Finkle,cfinkle57@infoseek.co.jp
189,Berke,Stonman,bstonman58@xing.com
190,Hollyanne,Shipway,hshipway59@npr.org
191,Johnny,Crielly,jcrielly5a@smugmug.com
192,Nolly,Eckersley,neckersley5b@nyu.edu
193,Lind,Joire,ljoire5c@mac.com
194,Brigit,Lyons,blyons5d@hao123.com
195,Anissa,Andreutti,aandreutti5e@feedburner.com
196,Danit,De Meyer,ddemeyer5f@chronoengine.com
197,Alverta,Greatex,agreatex5g@time.com
198,Nigel,Dach,ndach5h@weebly.com
199,Haleigh,Reddecliffe,hreddecliffe5i@tripod.com
200,Jessalyn,Balke,jbalke5j@amazonaws.com
201,Doti,Halstead,dhalstead5k@google.it
202,Wylie,Avrahamof,wavrahamof5l@npr.org
203,Gail,Dahle,gdahle5m@youtube.com
204,Balduin,Zanetello,bzanetello5n@dot.gov
205,Michaeline,Larter,mlarter5o@google.nl
206,Glenna,Selvey,gselvey5p@plala.or.jp
207,Den,Diperaus,ddiperaus5q@cnn.com
208,Terrye,Patshull,tpatshull5r@webeden.co.uk
209,Amii,Cox,acox5s@rediff.com
210,Base,Haughin,bhaughin5t@columbia.edu
211,Imogen,Chopping,ichopping5u@ovh.net
212,Jeniffer,McCourtie,jmccourtie5v@economist.com
213,Trefor,Sjostrom,tsjostrom5w@ustream.tv
214,Conney,Highnam,chighnam5x@rediff.com
215,Ignatius,Friett,ifriett5y@twitpic.com
216,Charleen,Duerdin,cduerdin5z@google.nl
217,Lisle,Clappison,lclappison60@wix.com
218,Lilia,Penlington,lpenlington61@spiegel.de
219,Carter,Dominici,cdominici62@spotify.com
220,Winonah,Tunsley,wtunsley63@hubpages.com
221,Wait,Kenton,wkenton64@springer.com
222,Corabel,Garstang,cgarstang65@skyrock.com
223,Archibold,Setford,asetford66@washington.edu
224,Earl,d' Elboux,edelboux67@histats.com
225,Paddy,Aggio,paggio68@wiley.com
226,Rita,Eamer,reamer69@networkadvertising.org
227,Gareth,Jewett,gjewett6a@princeton.edu
228,Amanda,Ferrettini,aferrettini6b@skyrock.com
229,Bartie,Tombleson,btombleson6c@sogou.com
230,Hobart,Preuvost,hpreuvost6d@opera.com
231,Sherwynd,Hedman,shedman6e@nifty.com
232,De witt,Rymour,drymour6f@adobe.com
233,Ophelia,Drakers,odrakers6g@theatlantic.com
234,Cherice,Runnalls,crunnalls6h@seesaa.net
235,Betta,Antognetti,bantognetti6i@huffingtonpost.com
236,Cathie,Neeson,cneeson6j@shop-pro.jp
237,Claudette,Ashfull,cashfull6k@bloglines.com
238,Leon,Sheen,lsheen6l@guardian.co.uk
239,Darnall,Lissandre,dlissandre6m@canalblog.com
240,Onfre,Ayscough,oayscough6n@state.gov
241,Meredith,Smidmor,msmidmor6o@example.com
242,Trevor,Obern,tobern6p@forbes.com
243,Sileas,Carmo,scarmo6q@washington.edu
244,Osborne,De Rechter,oderechter6r@usnews.com
245,Amy,MattiCCI,amatticci6s@dion.ne.jp
246,Patrizius,Gounard,pgounard6t@sitemeter.com
247,Leese,Pittem,lpittem6u@nyu.edu
248,Candide,Radnedge,cradnedge6v@nba.com
249,Tabbie,Bonifas,tbonifas6w@independent.co.uk
250,Blanche,Lamplugh,blamplugh6x@com.com
251,Lindon,O'Sirin,losirin6y@paginegialle.it
252,Sanford,Thickett,sthickett6z@walmart.com
253,Anna-diane,Oattes,aoattes70@delicious.com
254,Lynna,Naismith,lnaismith71@icio.us
255,Ines,Eccersley,ieccersley72@163.com
256,Lanita,Gue,lgue73@netlog.com
257,Brian,Trafford,btrafford74@elegantthemes.com
258,Caroline,Readett,creadett75@gmpg.org
259,Wendell,Tolchard,wtolchard76@jiathis.com
260,Sofie,Shimmings,sshimmings77@sakura.ne.jp
261,Quintana,Moine,qmoine78@slideshare.net
262,Demeter,d'Escoffier,ddescoffier79@admin.ch
263,Lanny,Pender,lpender7a@topsy.com
264,Emilio,Carefull,ecarefull7b@nasa.gov
265,Earle,Habard,ehabard7c@si.edu
266,Freddi,Hubbucke,fhubbucke7d@indiegogo.com
267,Lorne,Tonsley,ltonsley7e@ucla.edu
268,Grantham,Larive,glarive7f@com.com
269,Cal,Bouttell,cbouttell7g@washingtonpost.com
270,Cissy,Geikie,cgeikie7h@digg.com
271,Darrel,Lindroos,dlindroos7i@github.com
272,Paquito,Fairclough,pfairclough7j@merriam-webster.com
273,Aldo,Esslemont,aesslemont7k@nymag.com
274,Virgie,Wingeatt,vwingeatt7l@drupal.org
275,Claretta,Litchfield,clitchfield7m@oakley.com
276,Jamey,Rosenstein,jrosenstein7n@imdb.com
277,Desdemona,Boothby,dboothby7o@nasa.gov
278,Trista,Carous,tcarous7p@mtv.com
279,Crissie,Wodham,cwodham7q@hc360.com
280,Kassie,Gun,kgun7r@businesswire.com
281,Karia,Iliff,kiliff7s@joomla.org
282,Jyoti,Fried,jfried7t@example.com
283,Jake,Cornilli,jcornilli7u@eventbrite.com
284,Quincy,Diggens,qdiggens7v@spotify.com
285,Dominik,Bissiker,dbissiker7w@tamu.edu
286,Liv,Sancias,lsancias7x@dropbox.com
287,Jo-anne,Alflat,jalflat7y@ifeng.com
288,Vivianna,Wilkin,vwilkin7z@networkadvertising.org
289,Skipton,Dowding,sdowding80@sohu.com
290,Marsiella,Lambis,mlambis81@boston.com
291,Irene,Muttock,imuttock82@businessweek.com
292,Manon,Graysmark,mgraysmark83@dmoz.org
293,Alyss,Mottram,amottram84@wikia.com
294,Merla,Leggan,mleggan85@loc.gov
295,Lettie,Pawlowicz,lpawlowicz86@tripadvisor.com
296,Lona,Bulfoy,lbulfoy87@ft.com
297,Adolpho,Stallybrass,astallybrass88@redcross.org
298,Bald,Strike,bstrike89@delicious.com
299,Tracy,Rosengart,trosengart8a@wired.com
300,Celia,Akrigg,cakrigg8b@usa.gov
301,Sammie,Poyner,spoyner8c@bizjournals.com
302,Jillian,Knell,jknell8d@macromedia.com
303,Ham,Cadwell,hcadwell8e@hud.gov
304,Batsheva,Butler-Bowdon,bbutlerbowdon8f@usgs.gov
305,Salem,Pickrell,spickrell8g@wordpress.com
306,Kendrick,Gerrill,kgerrill8h@go.com
307,Clerc,Divine,cdivine8i@istockphoto.com
308,Phyllys,Lembrick,plembrick8j@ocn.ne.jp
309,Aloise,Kelberman,akelberman8k@virginia.edu
310,Meghan,Pideon,mpideon8l@goo.gl
311,Gratia,Cutbirth,gcutbirth8m@webnode.com
312,Keir,Guihen,kguihen8n@upenn.edu
313,Vlad,OIlier,voilier8o@virginia.edu
314,Frankie,Dressel,fdressel8p@last.fm
315,Pavla,Corfield,pcorfield8q@163.com
316,Rance,Toxell,rtoxell8r@is.gd
317,Hope,Olivetta,holivetta8s@eventbrite.com
318,Burr,Prothero,bprothero8t@ca.gov
319,Faber,Hadeke,fhadeke8u@utexas.edu
320,Krissy,Tomaino,ktomaino8v@prnewswire.com
321,Bart,Binstead,bbinstead8w@joomla.org
322,Thane,Ravenhills,travenhills8x@baidu.com
323,Perice,Hackworthy,phackworthy8y@soundcloud.com
324,Faythe,Karadzas,fkaradzas8z@theguardian.com
325,Joshia,McVey,jmcvey90@twitter.com
326,Teodorico,Baldwin,tbaldwin91@booking.com
327,Guglielma,Staining,gstaining92@auda.org.au
328,Jefferey,Blunsom,jblunsom93@netvibes.com
329,Camel,Rasch,crasch94@vkontakte.ru
330,Bibi,Meltetal,bmeltetal95@dailymotion.com
331,Tiffy,Arson,tarson96@bluehost.com
332,Belita,Artist,bartist97@deliciousdays.com
333,Madelaine,Simenel,msimenel98@forbes.com
334,Rosaline,Jurries,rjurries99@uiuc.edu
335,Leone,Darrow,ldarrow9a@elegantthemes.com
336,Maurene,Oleksiak,moleksiak9b@de.vu
337,Gabe,McMeanma,gmcmeanma9c@washingtonpost.com
338,Ely,Vause,evause9d@wix.com
339,Edlin,Viegas,eviegas9e@deviantart.com
340,Richy,Redhills,rredhills9f@craigslist.org
341,Kassia,Mayou,kmayou9g@home.pl
342,Shae,Shulem,sshulem9h@twitpic.com
343,Mildred,Shird,mshird9i@cloudflare.com
344,Fifine,Scupham,fscupham9j@bing.com
345,Smitty,Siviour,ssiviour9k@friendfeed.com
346,Rosalynd,Persich,rpersich9l@mac.com
347,Adina,Brockelsby,abrockelsby9m@tripod.com
348,Emelina,De Mitri,edemitri9n@senate.gov
349,Creight,Brumpton,cbrumpton9o@deviantart.com
350,Silva,Timny,stimny9p@trellian.com
351,Marietta,Donet,mdonet9q@cam.ac.uk
352,Micki,Ravenshaw,mravenshaw9r@foxnews.com
353,Lilah,Rudinger,lrudinger9s@newyorker.com
354,Toddy,Varcoe,tvarcoe9t@a8.net
355,Teena,Pringle,tpringle9u@goo.gl
356,Terrie,Edmonstone,tedmonstone9v@nationalgeographic.com
357,Cecile,Allden,callden9w@acquirethisname.com
358,Hanna,Spruce,hspruce9x@mit.edu
359,Julieta,Conradie,jconradie9y@wikispaces.com
360,Waylon,McIvor,wmcivor9z@google.es
361,Evelyn,Ream,ereama0@springer.com
362,Yank,Barrick,ybarricka1@addthis.com
363,Kellen,Caines,kcainesa2@edublogs.org
364,Barry,Stickells,bstickellsa3@youtu.be
365,Melloney,Littledyke,mlittledykea4@surveymonkey.com
366,Anet,Wickendon,awickendona5@imdb.com
367,Harrison,Crutchley,hcrutchleya6@newyorker.com
368,Babs,Gilbey,bgilbeya7@joomla.org
369,Mehetabel,Matten,mmattena8@nationalgeographic.com
370,Evangeline,De Rye Barrett,ederyebarretta9@live.com
371,Nat,Duesbury,nduesburyaa@twitpic.com
372,Angil,Notman,anotmanab@ask.com
373,Dorris,Greengrass,dgreengrassac@xrea.com
374,Kermit,Mityukov,kmityukovad@istockphoto.com
375,Josy,Doey,jdoeyae@miitbeian.gov.cn
376,Fergus,Sywell,fsywellaf@yellowbook.com
377,Luther,Weeds,lweedsag@blogs.com
378,Kippie,Kubica,kkubicaah@tinypic.com
379,Holmes,Kuller,hkullerai@purevolume.com
380,Cassie,Ree,creeaj@wufoo.com
381,Rafaellle,Fernandez,rfernandezak@blogger.com
382,Timmy,Houlson,thoulsonal@tripadvisor.com
383,Candice,Skeleton,cskeletonam@who.int
384,Abagail,Mitton,amittonan@wiley.com
385,Northrop,Fowley,nfowleyao@123-reg.co.uk
386,Shena,Welman,swelmanap@msu.edu
387,Terese,Jakeman,tjakemanaq@narod.ru
388,Linnea,Nuemann,lnuemannar@nydailynews.com
389,Pavlov,Danieli,pdanielias@ebay.com
390,Jannel,Taverner,jtavernerat@admin.ch
391,Rafaela,Corbishley,rcorbishleyau@yahoo.com
392,Janifer,Pettifer,jpettiferav@deliciousdays.com
393,Kristopher,Sole,ksoleaw@dailymail.co.uk
394,Blair,Dryburgh,bdryburghax@mayoclinic.com
395,Hewie,Gittoes,hgittoesay@japanpost.jp
396,Vivianne,Rue,vrueaz@example.com
397,Virgilio,Borrows,vborrowsb0@uol.com.br
398,Hedvig,Bainbrigge,hbainbriggeb1@forbes.com
399,Violante,Necrews,vnecrewsb2@china.com.cn
400,Benito,Dods,bdodsb3@rakuten.co.jp
401,Dell,While,dwhileb4@omniture.com
402,Hetti,Bradman,hbradmanb5@cafepress.com
403,Maximilian,Martellini,mmartellinib6@google.co.uk
404,Wilmar,Whimper,wwhimperb7@google.nl
405,Fletcher,Kyte,fkyteb8@cdbaby.com
406,Celesta,Izchaki,cizchakib9@techcrunch.com
407,My,Capstaff,mcapstaffba@nhs.uk
408,Ring,Brafferton,rbraffertonbb@stanford.edu
409,Kaitlynn,Wedlock,kwedlockbc@wiley.com
410,Stefanie,Connichie,sconnichiebd@ucoz.ru
411,Brendis,Birk,bbirkbe@arizona.edu
412,Loraine,Marquiss,lmarquissbf@weebly.com
413,Tatiana,Presley,tpresleybg@uiuc.edu
414,Otis,Correa,ocorreabh@msu.edu
415,Lazarus,Imrie,limriebi@bizjournals.com
416,Karol,Woolland,kwoollandbj@kickstarter.com
417,Sari,Doogue,sdooguebk@cbsnews.com
418,Shela,Lefeaver,slefeaverbl@tuttocitta.it
419,Kennie,Sowray,ksowraybm@mac.com
420,Umberto,Upstell,uupstellbn@joomla.org
421,Bonni,Bodycombe,bbodycombebo@uiuc.edu
422,Faydra,Woolhouse,fwoolhousebp@guardian.co.uk
423,Law,Callard,lcallardbq@blinklist.com
424,Estele,Esland,eeslandbr@harvard.edu
425,Nollie,Rankine,nrankinebs@miitbeian.gov.cn
426,My,Larratt,mlarrattbt@slate.com
427,Leonerd,Cockayne,lcockaynebu@issuu.com
428,Sarena,Dulton,sdultonbv@nationalgeographic.com
429,Rebeka,Ellerker,rellerkerbw@desdev.cn
430,Ermin,Leathers,eleathersbx@netscape.com
431,Janella,Blaszczyk,jblaszczykby@tuttocitta.it
432,Dania,Sermin,dserminbz@acquirethisname.com
433,Sollie,Scarfe,sscarfec0@tripadvisor.com
434,Elva,Aleksankov,ealeksankovc1@free.fr
435,Ariadne,Detheridge,adetheridgec2@google.fr
436,Raimund,Guillem,rguillemc3@sitemeter.com
437,Mason,Vigietti,mvigiettic4@discovery.com
438,Corena,Grievson,cgrievsonc5@paginegialle.it
439,Kiersten,Pudan,kpudanc6@amazon.de
440,Guenna,Collcutt,gcollcuttc7@taobao.com
441,Curt,Painter,cpainterc8@furl.net
442,Joletta,Shilton,jshiltonc9@patch.com
443,Ahmad,Manktelow,amanktelowca@geocities.jp
444,Shelli,Jellicorse,sjellicorsecb@latimes.com
445,Winne,Tuke,wtukecc@unblog.fr
446,Corinna,Fossey,cfosseycd@blogtalkradio.com
447,Chere,Scrauniage,cscrauniagece@ustream.tv
448,Rubi,Radmore,rradmorecf@loc.gov
449,Gerrilee,Louys,glouyscg@people.com.cn
450,Kelcy,Lithgow,klithgowch@aboutads.info
451,Loni,Shrimpling,lshrimplingci@discovery.com
452,Wileen,Le land,wlelandcj@businessweek.com
453,Anjanette,Childes,achildesck@themeforest.net
454,Cammy,Dumbleton,cdumbletoncl@prlog.org
455,Claire,Beadnall,cbeadnallcm@twitter.com
456,Ware,Noir,wnoircn@wikia.com
457,Keelia,Priddis,kpriddisco@goo.ne.jp
458,Wiley,Snazel,wsnazelcp@blogtalkradio.com
459,Alasteir,Beazey,abeazeycq@auda.org.au
460,Omero,Dreigher,odreighercr@abc.net.au
461,Annette,Hildrew,ahildrewcs@unesco.org
462,Fionnula,Sey,fseyct@mediafire.com
463,Christine,Binfield,cbinfieldcu@irs.gov
464,Kalina,Wibrew,kwibrewcv@xing.com
465,Junia,Dossett,jdossettcw@hugedomains.com
466,Udall,Gorrie,ugorriecx@friendfeed.com
467,Cornelius,Jacketts,cjackettscy@mlb.com
468,Regan,Hardan,rhardancz@ebay.com
469,Aldo,Heatley,aheatleyd0@engadget.com
470,Drake,Mayall,dmayalld1@rediff.com
471,Gracia,Squires,gsquiresd2@acquirethisname.com
472,Stanislas,Huggin,shuggind3@google.ca
473,Christa,Ricardot,cricardotd4@ameblo.jp
474,Angelo,Bretton,abrettond5@psu.edu
475,Timotheus,Denne,tdenned6@shareasale.com
476,Philbert,Domenichini,pdomenichinid7@mail.ru
477,Zaneta,Bridgett,zbridgettd8@hubpages.com
478,Palm,Lorence,plorenced9@wufoo.com
479,Wenona,Cattenach,wcattenachda@ebay.com
480,Evin,Laban,elabandb@paginegialle.it
481,Banky,Hof,bhofdc@prweb.com
482,Victoria,Steinor,vsteinordd@washingtonpost.com
483,Had,Germaine,hgermainede@360.cn
484,Hadrian,Farfull,hfarfulldf@vimeo.com
485,Daveta,Eeles,deelesdg@cafepress.com
486,Joanna,Cosyns,jcosynsdh@admin.ch
487,Hammad,Wilkin,hwilkindi@nytimes.com
488,Anson,Muir,amuirdj@slashdot.org
489,Thurstan,McKinn,tmckinndk@senate.gov
490,Margarette,Bygate,mbygatedl@spotify.com
491,Junette,Patridge,jpatridgedm@google.pl
492,Natassia,Perrottet,nperrottetdn@fema.gov
493,Moritz,Brittle,mbrittledo@xing.com
494,Keri,Beckley,kbeckleydp@cbsnews.com
495,Wanda,Tilby,wtilbydq@baidu.com
496,Binni,Seear,bseeardr@diigo.com
497,Pierrette,Esland,peslandds@ihg.com
498,Sigismond,Kubczak,skubczakdt@purevolume.com
499,Christian,Fennick,cfennickdu@sina.com.cn
500,Jud,Parren,jparrendv@state.tx.us
501,Warner,Davern,wdaverndw@desdev.cn
502,Legra,Bum,lbumdx@altervista.org
503,Stormie,Mitchenson,smitchensondy@g.co
504,Kathe,Spiby,kspibydz@gmpg.org
505,Wittie,Kelley,wkelleye0@networkadvertising.org
506,Delbert,Loker,dlokere1@ow.ly
507,Dominique,Vernon,dvernone2@dot.gov
508,Sigmund,Armstrong,sarmstronge3@forbes.com
509,Bryana,Mahmood,bmahmoode4@vistaprint.com
510,Diana,Thornbarrow,dthornbarrowe5@csmonitor.com
511,Loutitia,Janus,ljanuse6@state.gov
512,Oneida,Hancell,ohancelle7@irs.gov
513,Lewie,Ziem,lzieme8@delicious.com
514,Odilia,Amor,oamore9@qq.com
515,Jud,Mugglestone,jmugglestoneea@ft.com
516,Hinze,Paeckmeyer,hpaeckmeyereb@boston.com
517,Barde,Jagels,bjagelsec@pagesperso-orange.fr
518,Angel,Shubotham,ashubothamed@redcross.org
519,Sula,Summerlee,ssummerleeee@sohu.com
520,Woodie,Metzing,wmetzingef@fastcompany.com
521,Vida,Dibben,vdibbeneg@cbslocal.com
522,Tabbie,Markel,tmarkeleh@businesswire.com
523,Alistair,Backsal,abacksalei@hexun.com
524,Sheff,Braxay,sbraxayej@fastcompany.com
525,Andrus,Beasley,abeasleyek@privacy.gov.au
526,Patrizia,Fortnon,pfortnonel@webmd.com
527,Brennan,Aitchinson,baitchinsonem@oracle.com
528,Halette,Anthoin,hanthoinen@unc.edu
529,Debora,Cruwys,dcruwyseo@mlb.com
530,Em,Sterland,esterlandep@ameblo.jp
531,Thedrick,Willimott,twillimotteq@google.ca
532,Alejoa,Bellison,abellisoner@cocolog-nifty.com
533,Vicki,Cosby,vcosbyes@thetimes.co.uk
534,Ivett,Duffield,iduffieldet@wp.com
535,Kylie,Tolworth,ktolwortheu@amazonaws.com
536,Horatia,Ubsdell,hubsdellev@constantcontact.com
537,Raf,Gymblett,rgymblettew@lycos.com
538,Thelma,Scragg,tscraggex@wisc.edu
539,Rafaellle,Brameld,rbrameldey@yellowpages.com
540,Roderich,Larrie,rlarrieez@prlog.org
541,Jenn,Kasting,jkastingf0@unicef.org
542,Rae,Sharma,rsharmaf1@google.com.hk
543,Annamarie,Joincey,ajoinceyf2@nifty.com
544,Markus,Blunden,mblundenf3@admin.ch
545,Gloriana,Piggen,gpiggenf4@economist.com
546,Rickert,MacGeaney,rmacgeaneyf5@illinois.edu
547,Levy,Andrey,landreyf6@google.cn
548,Taite,Selburn,tselburnf7@craigslist.org
549,Alvan,Dufer,aduferf8@google.com
550,Claudio,Gaythor,cgaythorf9@over-blog.com
551,Zach,Prandy,zprandyfa@statcounter.com
552,Josefa,Iceton,jicetonfb@reddit.com
553,Antoine,Edmenson,aedmensonfc@timesonline.co.uk
554,Lib,O'Coskerry,locoskerryfd@dmoz.org
555,Hazel,Ludy,hludyfe@java.com
556,Kiri,Pattullo,kpattulloff@1und1.de
557,Elijah,Emanuelli,eemanuellifg@people.com.cn
558,Terza,Blandamere,tblandamerefh@census.gov
559,Sharleen,Keningham,skeninghamfi@wired.com
560,Riobard,Burtenshaw,rburtenshawfj@weibo.com
561,Dimitri,Sheen,dsheenfk@archive.org
562,Brigit,Turpin,bturpinfl@techcrunch.com
563,Obadias,Murricanes,omurricanesfm@mozilla.org
564,Francisco,Bagster,fbagsterfn@digg.com
565,Ruttger,Lipyeat,rlipyeatfo@ameblo.jp
566,Tammara,Spratley,tspratleyfp@pen.io
567,Elwira,Snowball,esnowballfq@jiathis.com
568,Rafaela,Pigram,rpigramfr@cdc.gov
569,Woodie,Salandino,wsalandinofs@census.gov
570,Bail,Bever,bbeverft@arizona.edu
571,Isidor,Kares,ikaresfu@ocn.ne.jp
572,Corbie,Wardhaugh,cwardhaughfv@reddit.com
573,Jerrome,Bandy,jbandyfw@princeton.edu
574,Cristiano,Jochen,cjochenfx@archive.org
575,Louisa,Coche,lcochefy@ehow.com
576,Emile,Heber,eheberfz@hostgator.com
577,Melicent,Ricks,mricksg0@csmonitor.com
578,Tony,Shorte,tshorteg1@independent.co.uk
579,Karim,Tollerfield,ktollerfieldg2@theguardian.com
580,Jessamine,Greenroa,jgreenroag3@ihg.com
581,Mandi,Rawlence,mrawlenceg4@networksolutions.com
582,Diena,Milner,dmilnerg5@theatlantic.com
583,Chelsie,Van Der Weedenburg,cvanderweedenburgg6@state.tx.us
584,Chris,Vercruysse,cvercruysseg7@eventbrite.com
585,Barclay,Oatley,boatleyg8@ft.com
586,Lyndsie,Stille,lstilleg9@livejournal.com
587,Rosemary,Haensel,rhaenselga@intel.com
588,Chance,Mariel,cmarielgb@jalbum.net
589,Roxana,Kisby,rkisbygc@nih.gov
590,Sadye,Monery,smonerygd@vimeo.com
591,Neill,Bramer,nbramerge@furl.net
592,Saraann,Lyes,slyesgf@ebay.com
593,Noella,Worvill,nworvillgg@xing.com
594,Carline,Stratford,cstratfordgh@etsy.com
595,Donnie,Sandle,dsandlegi@discuz.net
596,Spike,McGillivrie,smcgillivriegj@time.com
597,Eduard,Tune,etunegk@blogspot.com
598,Montgomery,Smeath,msmeathgl@icq.com
599,Rodie,Rhys,rrhysgm@admin.ch
600,Guinevere,Gillbard,ggillbardgn@yolasite.com
601,Keith,Inworth,kinworthgo@deviantart.com
602,Parker,Jumont,pjumontgp@mayoclinic.com
603,Ermengarde,Botright,ebotrightgq@sciencedirect.com
604,Sonni,Davydzenko,sdavydzenkogr@baidu.com
605,Gabriela,Bromige,gbromigegs@hc360.com
606,Stephie,Brehaut,sbrehautgt@delicious.com
607,Jermaine,Kall,jkallgu@slate.com
608,Kele,Kirgan,kkirgangv@apple.com
609,Siffre,Allbones,sallbonesgw@ask.com
610,Celka,Rebillard,crebillardgx@hatena.ne.jp
611,Curt,Rymer,crymergy@spiegel.de
612,Elyssa,Kubes,ekubesgz@seesaa.net
613,Drusi,McGrotty,dmcgrottyh0@furl.net
614,Kara,Cecchetelli,kcecchetellih1@webnode.com
615,Kerr,Gavahan,kgavahanh2@berkeley.edu
616,Cindi,McNalley,cmcnalleyh3@intel.com
617,Janis,Blaxter,jblaxterh4@ed.gov
618,Eldin,Lodden,eloddenh5@addtoany.com
619,Henryetta,Rittmeyer,hrittmeyerh6@fastcompany.com
620,Myrta,Ellershaw,mellershawh7@webmd.com
621,Stefano,Longden,slongdenh8@kickstarter.com
622,Mariann,Waddam,mwaddamh9@deliciousdays.com
623,Samuele,Botterill,sbotterillha@a8.net
624,Renae,Dri,rdrihb@netvibes.com
625,Catina,Issard,cissardhc@multiply.com
626,Pavla,Evert,peverthd@kickstarter.com
627,Aguie,Pester,apesterhe@fc2.com
628,Franklin,Turbitt,fturbitthf@skype.com
629,Wynn,Butchart,wbutcharthg@csmonitor.com
630,Phyllis,Waldram,pwaldramhh@indiegogo.com
631,Karyl,Vaines,kvaineshi@e-recht24.de
632,Olivette,Matyugin,omatyuginhj@php.net
633,Ardeen,Coltart,acoltarthk@apple.com
634,Stavros,Rogeron,srogeronhl@mit.edu
635,Caryl,Bonson,cbonsonhm@toplist.cz
636,Dixie,Duberry,dduberryhn@microsoft.com
637,Christy,Chevins,cchevinsho@wordpress.org
638,Paco,Dymock,pdymockhp@amazon.co.jp
639,Rebekah,Figin,rfiginhq@addthis.com
640,Boyce,Axleby,baxlebyhr@vinaora.com
641,Yurik,Konzel,ykonzelhs@columbia.edu
642,Carolyne,Blum,cblumht@berkeley.edu
643,Dyna,Kohrt,dkohrthu@digg.com
644,Hazel,Tevelov,htevelovhv@google.fr
645,Kellyann,Crichmere,kcrichmerehw@sfgate.com
646,Lenci,Leyburn,lleyburnhx@reverbnation.com
647,Berta,Turfrey,bturfreyhy@php.net
648,Gerladina,Josskowitz,gjosskowitzhz@hostgator.com
649,Tally,Skillitt,tskillitti0@cdc.gov
650,Marcelle,Tschierse,mtschiersei1@foxnews.com
651,Pyotr,Schiementz,pschiementzi2@merriam-webster.com
652,Judas,Redler,jredleri3@topsy.com
653,Jacquelin,St. Paul,jstpauli4@va.gov
654,Valerie,Hull,vhulli5@uol.com.br
655,Ilysa,Betteson,ibettesoni6@taobao.com
656,Ezmeralda,Tims,etimsi7@hc360.com
657,Anselm,Radmore,aradmorei8@alexa.com
658,Georgeta,Magauran,gmagaurani9@privacy.gov.au
659,Caryn,Mc Carroll,cmccarrollia@so-net.ne.jp
660,Marga,Chipps,mchippsib@nature.com
661,Carolynn,Pastor,cpastoric@flavors.me
662,Editha,Wardale,ewardaleid@usatoday.com
663,Timmi,Sporner,tspornerie@people.com.cn
664,Tab,Harlett,tharlettif@yolasite.com
665,Ami,Beacom,abeacomig@typepad.com
666,Creight,Sadgrove,csadgroveih@ycombinator.com
667,Gertrudis,Toupe,gtoupeii@phpbb.com
668,Wallace,Knevet,wknevetij@washington.edu
669,Balduin,Escalero,bescaleroik@geocities.jp
670,Maurie,Schohier,mschohieril@elegantthemes.com
671,Mada,Birtchnell,mbirtchnellim@csmonitor.com
672,Hamilton,Biggs,hbiggsin@oaic.gov.au
673,Aida,Meric,americio@quantcast.com
674,Kirbee,Wrightson,kwrightsonip@example.com
675,Crissie,Skene,cskeneiq@youku.com
676,Ursola,Eskrigge,ueskriggeir@dailymail.co.uk
677,Nerty,Skirvane,nskirvaneis@ftc.gov
678,Tracy,Klimt,tklimtit@booking.com
679,Fae,Isworth,fisworthiu@icq.com
680,Juana,Galbraeth,jgalbraethiv@cloudflare.com
681,Cortie,Hanalan,chanalaniw@feedburner.com
682,Arabela,Ruprich,aruprichix@t-online.de
683,Logan,Sturridge,lsturridgeiy@arizona.edu
684,Rafaello,Ching,rchingiz@amazon.de
685,Donny,Medler,dmedlerj0@bing.com
686,Arlin,Dewfall,adewfallj1@oakley.com
687,Yolande,Bickerstasse,ybickerstassej2@gmpg.org
688,Brigida,Hair,bhairj3@flavors.me
689,Portie,Lightowler,plightowlerj4@youtu.be
690,Standford,Jagielski,sjagielskij5@prlog.org
691,Laird,Grunbaum,lgrunbaumj6@infoseek.co.jp
692,Zelma,McMechan,zmcmechanj7@linkedin.com
693,Waylan,Simonite,wsimonitej8@ucoz.com
694,Giselle,Iczokvitz,giczokvitzj9@is.gd
695,Janeta,Klaussen,jklaussenja@addthis.com
696,Tessa,Mulbry,tmulbryjb@thetimes.co.uk
697,Gwendolin,Abberley,gabberleyjc@hatena.ne.jp
698,Arlyn,French,afrenchjd@fotki.com
699,Oralle,Humburton,ohumburtonje@yahoo.co.jp
700,Chandra,Lequeux,clequeuxjf@usnews.com
701,Hershel,Borell,hborelljg@narod.ru
702,Arlee,Vickerstaff,avickerstaffjh@fda.gov
703,Bucky,Dutch,bdutchji@studiopress.com
704,Rhiamon,Peacocke,rpeacockejj@netscape.com
705,Kelcey,Bardwall,kbardwalljk@vk.com
706,Shellie,Faughny,sfaughnyjl@ameblo.jp
707,Lianne,Wiz,lwizjm@abc.net.au
708,Aldis,Herrero,aherrerojn@google.de
709,Petr,Raddon,praddonjo@soup.io
710,Vern,Eadmeades,veadmeadesjp@slideshare.net
711,Ondrea,Nicklinson,onicklinsonjq@biglobe.ne.jp
712,Yoko,Phittiplace,yphittiplacejr@biblegateway.com
713,Olivia,Cuerdall,ocuerdalljs@over-blog.com
714,Gill,Hiseman,ghisemanjt@marriott.com
715,Adriana,Eacle,aeacleju@un.org
716,Seumas,Rennard,srennardjv@soup.io
717,Nerti,Laurie,nlauriejw@nbcnews.com
718,Konstantine,Jori,kjorijx@indiatimes.com
719,Scottie,Purseglove,spurseglovejy@independent.co.uk
720,Lemmie,Goudie,lgoudiejz@booking.com
721,Gerick,Asch,gaschk0@themeforest.net
722,Vito,Lebbon,vlebbonk1@ed.gov
723,Hobey,East,heastk2@csmonitor.com
724,Galven,Oliff,goliffk3@rambler.ru
725,Kermie,Segebrecht,ksegebrechtk4@cafepress.com
726,Elias,D'Onise,edonisek5@plala.or.jp
727,Eve,Levicount,elevicountk6@flavors.me
728,Hanson,Ommundsen,hommundsenk7@ftc.gov
729,Bond,Charters,bchartersk8@google.pl
730,Dulcy,Culkin,dculkink9@theglobeandmail.com
731,Mariquilla,Pettipher,mpettipherka@delicious.com
732,Claire,Guiet,cguietkb@prweb.com
733,Carver,Ching,cchingkc@reverbnation.com
734,Krishnah,Nolder,knolderkd@yelp.com
735,Desiri,Mackness,dmacknesske@studiopress.com
736,Giulietta,Johanning,gjohanningkf@dailymail.co.uk
737,Jereme,Swepson,jswepsonkg@google.com.hk
738,Dyann,Smelley,dsmelleykh@hatena.ne.jp
739,Emmott,O'Cridigan,eocridiganki@github.com
740,Mathian,Portman,mportmankj@unicef.org
741,Clotilda,Filyukov,cfilyukovkk@google.com.au
742,Rusty,Dinan,rdinankl@ibm.com
743,Jamima,Danher,jdanherkm@uol.com.br
744,Sofie,Glasbey,sglasbeykn@360.cn
745,Anton,Erangey,aerangeyko@eepurl.com
746,Dar,Murrock,dmurrockkp@123-reg.co.uk
747,Brockie,Houston,bhoustonkq@tripadvisor.com
748,Greta,Nathon,gnathonkr@ow.ly
749,Lanny,Colquitt,lcolquittks@hexun.com
750,Dyna,Ruppelin,druppelinkt@live.com
751,Greg,Bucke,gbuckeku@google.com
752,Horten,Altoft,haltoftkv@ow.ly
753,Elinor,Benley,ebenleykw@google.pl
754,Preston,Keelan,pkeelankx@businesswire.com
755,Meghan,Yewdell,myewdellky@xing.com
756,Demeter,Debill,ddebillkz@forbes.com
757,Hastings,Phelps,hphelpsl0@is.gd
758,Kissiah,Gon,kgonl1@slashdot.org
759,Rosa,Craise,rcraisel2@ask.com
760,Taddeusz,Clague,tclaguel3@goo.ne.jp
761,Ertha,Sproul,esproull4@gizmodo.com
762,Valenka,Bedle,vbedlel5@nifty.com
763,Elyssa,Mawdsley,emawdsleyl6@who.int
764,Horton,Liffe,hliffel7@intel.com
765,Garvey,Hawkswood,ghawkswoodl8@gizmodo.com
766,Sanford,Cambell,scambelll9@psu.edu
767,Nollie,Squibbes,nsquibbesla@usatoday.com
768,Winston,Terney,wterneylb@java.com
769,Juditha,Marchenko,jmarchenkolc@blogtalkradio.com
770,Dori,Vevers,dveversld@facebook.com
771,Merrill,Spottiswood,mspottiswoodle@cdbaby.com
772,Yehudi,Mullord,ymullordlf@weibo.com
773,Coop,Walklot,cwalklotlg@apache.org
774,Worthy,Dearle-Palser,wdearlepalserlh@foxnews.com
775,Lisetta,Nabbs,lnabbsli@google.co.jp
776,Godwin,Castellaccio,gcastellacciolj@sciencedaily.com
777,Van,McKaile,vmckailelk@baidu.com
778,Reinaldo,Andreutti,randreuttill@wordpress.org
779,Penelopa,Gutridge,pgutridgelm@dedecms.com
780,Dita,Curness,dcurnessln@go.com
781,Jandy,Martynov,jmartynovlo@lycos.com
782,Pearline,Kibbel,pkibbellp@gnu.org
783,Aleksandr,Toten,atotenlq@uiuc.edu
784,Daile,Hendron,dhendronlr@zimbio.com
785,Neille,Voules,nvoulesls@pinterest.com
786,Midge,Khristoforov,mkhristoforovlt@blogger.com
787,Crista,Simmonds,csimmondslu@google.cn
788,Taddeo,Hammill,thammilllv@1688.com
789,Inglis,Vigars,ivigarslw@telegraph.co.uk
790,Ami,Arnell,aarnelllx@reference.com
791,Lazar,Anthon,lanthonly@businesswire.com
792,Sophi,Kall,skalllz@jimdo.com
793,Benyamin,Gammons,bgammonsm0@lulu.com
794,Guss,Etoile,getoilem1@clickbank.net
795,Mira,Staten,mstatenm2@indiegogo.com
796,Zared,Boays,zboaysm3@tinypic.com
797,Clarissa,Priest,cpriestm4@berkeley.edu
798,Quill,Collinge,qcollingem5@sun.com
799,Twila,Ginley,tginleym6@bluehost.com
800,Jedd,O'Sharkey,josharkeym7@omniture.com
801,Sterling,Gyer,sgyerm8@tripod.com
802,Karoline,Kincade,kkincadem9@topsy.com
803,Trina,Mosconi,tmosconima@gov.uk
804,Dawna,Urling,durlingmb@forbes.com
805,Ber,Seamons,bseamonsmc@google.co.jp
806,Kendal,Archambault,karchambaultmd@google.nl
807,Janith,Baraja,jbarajame@va.gov
808,Cale,Shapcott,cshapcottmf@ucla.edu
809,Alli,Dumper,adumpermg@reuters.com
810,Noemi,Racher,nrachermh@tripadvisor.com
811,Dareen,Savary,dsavarymi@behance.net
812,Shep,Risborough,srisboroughmj@google.de
813,Gardiner,Severn,gsevernmk@paginegialle.it
814,Boyd,Loosley,bloosleyml@squidoo.com
815,Sophie,Ferenc,sferencmm@seattletimes.com
816,Geneva,Crut,gcrutmn@bloglines.com
817,Lucille,Posthill,lposthillmo@nymag.com
818,Sherwin,Chicotti,schicottimp@japanpost.jp
819,Letizia,Macia,lmaciamq@bbb.org
820,Bobbette,Sharratt,bsharrattmr@tinypic.com
821,Randa,Grzesiak,rgrzesiakms@sfgate.com
822,Lloyd,Yakunchikov,lyakunchikovmt@netvibes.com
823,Aretha,Stanbridge,astanbridgemu@google.com.au
824,Kaia,Argrave,kargravemv@delicious.com
825,Editha,Hennemann,ehennemannmw@ed.gov
826,Minnie,Renols,mrenolsmx@chronoengine.com
827,Dorisa,Mewha,dmewhamy@flavors.me
828,Randie,Boldero,rbolderomz@list-manage.com
829,Janina,McCaskill,jmccaskilln0@amazonaws.com
830,Raquela,Straughan,rstraughann1@technorati.com
831,Brittany,Bertenshaw,bbertenshawn2@seattletimes.com
832,Levey,Sharrier,lsharriern3@xing.com
833,Karlyn,Pinckstone,kpinckstonen4@yandex.ru
834,Dona,Eland,delandn5@google.fr
835,Langsdon,Vazquez,lvazquezn6@angelfire.com
836,Frankie,Lowbridge,flowbridgen7@nih.gov
837,Rich,Mussett,rmussettn8@chronoengine.com
838,Devora,Havill,dhavilln9@quantcast.com
839,Frankie,Ruggles,frugglesna@topsy.com
840,Don,Gelletly,dgelletlynb@cdc.gov
841,Rosco,Jendrich,rjendrichnc@dedecms.com
842,Eddi,Craw,ecrawnd@bbc.co.uk
843,Milly,Gibbon,mgibbonne@netlog.com
844,Helga,Sowrah,hsowrahnf@cdc.gov
845,Townie,Creek,tcreekng@pinterest.com
846,Bertrand,Orro,borronh@usda.gov
847,Auberta,Croom,acroomni@gizmodo.com
848,Jarrad,Stile,jstilenj@reuters.com
849,Clarke,Romayne,cromaynenk@mozilla.com
850,Selma,Fryatt,sfryattnl@mozilla.org
851,Justino,Dennidge,jdennidgenm@utexas.edu
852,Sonni,Sloley,ssloleynn@mozilla.com
853,Myrtie,Giacopello,mgiacopellono@weather.com
854,Barbi,Larder,blardernp@cornell.edu
855,Catlaina,Brierton,cbriertonnq@wikimedia.org
856,Eddie,Drohun,edrohunnr@posterous.com
857,Pierson,Eades,peadesns@craigslist.org
858,Alethea,Wrightem,awrightemnt@instagram.com
859,Carey,Zamorano,czamoranonu@yahoo.co.jp
860,Adolphus,Gard,agardnv@dell.com
861,Alla,Perott,aperottnw@slideshare.net
862,Dorry,Diben,ddibennx@marketwatch.com
863,Rochette,Rembaud,rrembaudny@desdev.cn
864,Ken,March,kmarchnz@cornell.edu
865,Silvain,Inglish,singlisho0@jimdo.com
866,Nara,Ferriman,nferrimano1@nsw.gov.au
867,Jenica,Cash,jcasho2@istockphoto.com
868,Merl,Rankling,mranklingo3@npr.org
869,Melisande,Dracksford,mdracksfordo4@google.de
870,Skell,McGrill,smcgrillo5@thetimes.co.uk
871,Marcie,Keynes,mkeyneso6@adobe.com
872,Desmond,Lafrentz,dlafrentzo7@senate.gov
873,Wallas,Windaybank,wwindaybanko8@constantcontact.com
874,Farrand,Plevin,fplevino9@symantec.com
875,Fifine,Biner,fbineroa@cnet.com
876,Gwennie,Jephcott,gjephcottob@naver.com
877,Evie,Dysert,edysertoc@merriam-webster.com
878,Moritz,Cayford,mcayfordod@eventbrite.com
879,Janenna,Tunniclisse,jtunniclisseoe@bbb.org
880,Agata,Whistlecraft,awhistlecraftof@ocn.ne.jp
881,Bertie,Baraclough,bbaracloughog@tripadvisor.com
882,Ranice,Keppy,rkeppyoh@nytimes.com
883,Read,Pringer,rpringeroi@huffingtonpost.com
884,Ignace,Sobieski,isobieskioj@cornell.edu
885,Claribel,Hyatt,chyattok@merriam-webster.com
886,Claire,de Voiels,cdevoielsol@google.ca
887,Gare,Grioli,ggrioliom@wiley.com
888,Pam,Vanelli,pvanellion@joomla.org
889,Matthiew,Sherred,msherredoo@freewebs.com
890,Madonna,Scutchin,mscutchinop@sun.com
891,Hilary,Yurocjkin,hyurocjkinoq@google.com.br
892,Newton,Rubury,nruburyor@phpbb.com
893,Dorian,Purcer,dpurceros@cargocollective.com
894,Trstram,Sighard,tsighardot@blogs.com
895,Darb,Methuen,dmethuenou@cbsnews.com
896,Mayne,Dunsleve,mdunsleveov@latimes.com
897,Jobi,Perrie,jperrieow@mtv.com
898,Sibley,Leser,sleserox@amazon.co.jp
899,Angele,Wankel,awankeloy@gov.uk
900,Theodora,Blewitt,tblewittoz@t.co
901,Melba,Sexti,msextip0@netlog.com
902,Guenna,Pikesley,gpikesleyp1@goo.gl
903,Frederigo,Dahlbom,fdahlbomp2@guardian.co.uk
904,Minnaminnie,Costar,mcostarp3@cafepress.com
905,Chlo,Benoey,cbenoeyp4@yellowpages.com
906,Nerte,Antonescu,nantonescup5@jalbum.net
907,Maxwell,Crummey,mcrummeyp6@4shared.com
908,Owen,Pilmore,opilmorep7@scientificamerican.com
909,Verile,Creelman,vcreelmanp8@tripod.com
910,Quintin,Askem,qaskemp9@odnoklassniki.ru
911,Lanni,Grisedale,lgrisedalepa@spiegel.de
912,Alexandre,Harcombe,aharcombepb@slate.com
913,Brett,Mulchrone,bmulchronepc@sphinn.com
914,Clarence,Yakobowitch,cyakobowitchpd@canalblog.com
915,Joscelin,Rosedale,jrosedalepe@disqus.com
916,Tarrance,Simoneau,tsimoneaupf@last.fm
917,Jacinthe,Runnicles,jrunniclespg@miibeian.gov.cn
918,Philomena,Inderwick,pinderwickph@liveinternet.ru
919,Martguerita,Widger,mwidgerpi@hhs.gov
920,Gianna,Swabey,gswabeypj@fc2.com
921,Kevan,Housley,khousleypk@privacy.gov.au
922,Reginald,Parncutt,rparncuttpl@telegraph.co.uk
923,Isiahi,Gonnel,igonnelpm@google.cn
924,Samson,Spreckley,sspreckleypn@yolasite.com
925,Maure,Kovnot,mkovnotpo@wunderground.com
926,Moshe,Chasteau,mchasteaupp@posterous.com
927,Ammamaria,Ingarfield,aingarfieldpq@barnesandnoble.com
928,Chandra,McIlhagga,cmcilhaggapr@digg.com
929,James,Dayley,jdayleyps@home.pl
930,Giraud,Snelman,gsnelmanpt@sciencedaily.com
931,Joelynn,Amner,jamnerpu@lycos.com
932,Misti,Trumpeter,mtrumpeterpv@skype.com
933,Lilian,Robrose,lrobrosepw@fda.gov
934,Zack,Ricketts,zrickettspx@goodreads.com
935,Germain,Viggers,gviggerspy@qq.com
936,Dyan,Barczynski,dbarczynskipz@miitbeian.gov.cn
937,Hoyt,Bride,hbrideq0@bloglovin.com
938,Harlin,Yetts,hyettsq1@utexas.edu
939,Adora,Twatt,atwattq2@digg.com
940,Persis,Jaine,pjaineq3@cbslocal.com
941,Carmella,Lomaz,clomazq4@forbes.com
942,Iago,Lared,ilaredq5@ucoz.ru
943,Siffre,Dickey,sdickeyq6@yale.edu
944,Rosco,Chapelhow,rchapelhowq7@harvard.edu
945,Tome,Kees,tkeesq8@google.ca
946,Desmund,Langstone,dlangstoneq9@unicef.org
947,Izak,Casaccia,icasacciaqa@jugem.jp
948,Stephanus,Thorn,sthornqb@cnet.com
949,Thedric,McCrohon,tmccrohonqc@stumbleupon.com
950,Dael,Drinan,ddrinanqd@examiner.com
951,Joey,Dufaire,jdufaireqe@networkadvertising.org
952,Judie,O'Glessane,joglessaneqf@angelfire.com
953,Jannelle,Donan,jdonanqg@zimbio.com
954,Bartel,Gregoli,bgregoliqh@linkedin.com
955,Jeremy,Shingles,jshinglesqi@people.com.cn
956,Xylina,Prestney,xprestneyqj@gnu.org
957,Konstantine,Valentinuzzi,kvalentinuzziqk@webs.com
958,Georgie,Robus,grobusql@shop-pro.jp
959,Mariejeanne,Jaggers,mjaggersqm@cisco.com
960,Lon,Renish,lrenishqn@theglobeandmail.com
961,Sinclair,Dickins,sdickinsqo@youtube.com
962,Annalise,Mumbeson,amumbesonqp@ustream.tv
963,Dorian,Chart,dchartqq@smh.com.au
964,Monroe,Kausche,mkauscheqr@tamu.edu
965,Hercules,Polak,hpolakqs@miitbeian.gov.cn
966,Rupert,Frith,rfrithqt@biglobe.ne.jp
967,Selena,Olenikov,solenikovqu@ezinearticles.com
968,Sydelle,Middell,smiddellqv@topsy.com
969,Dani,Grist,dgristqw@redcross.org
970,Torrey,Beekmann,tbeekmannqx@google.com
971,Randy,Robjant,rrobjantqy@discuz.net
972,Rickard,Sigg,rsiggqz@fda.gov
973,Miller,Bulch,mbulchr0@edublogs.org
974,Tobin,Poole,tpooler1@dion.ne.jp
975,Sallyann,Moulster,smoulsterr2@meetup.com
976,Batholomew,Ogilvy,bogilvyr3@cpanel.net
977,Iver,Brent,ibrentr4@hibu.com
978,Fay,Kristof,fkristofr5@spiegel.de
979,Annaliese,Matschek,amatschekr6@friendfeed.com
980,Benton,Talboy,btalboyr7@angelfire.com
981,Jonell,Balam,jbalamr8@omniture.com
982,Johnny,Elven,jelvenr9@nationalgeographic.com
983,Romain,Loreit,rloreitra@slashdot.org
984,Gothart,Brotherheed,gbrotherheedrb@digg.com
985,Karisa,Misken,kmiskenrc@furl.net
986,Hali,Hamblington,hhamblingtonrd@instagram.com
987,Evin,Akister,eakisterre@google.it
988,Josselyn,MacCaghan,jmaccaghanrf@bluehost.com
989,Lara,Witton,lwittonrg@mapy.cz
990,Niki,Marde,nmarderh@businesswire.com
991,Kaja,Crake,kcrakeri@yahoo.com
992,Krissy,Krahl,kkrahlrj@eepurl.com
993,Morgen,Tuffell,mtuffellrk@ebay.co.uk
994,Delphine,McCrainor,dmccrainorrl@mlb.com
995,Pieter,Ferron,pferronrm@nyu.edu
996,Ephrem,Lankester,elankesterrn@google.ca
997,Rora,Darlington,rdarlingtonro@spotify.com
998,Alphonso,Skerm,askermrp@tripod.com
999,Audrye,Sketch,asketchrq@thetimes.co.uk
1000,Dinny,Compfort,dcompfortrr@google.co.uk
